{
  "TranslationProperties": {
    "Name": "server.items.Bench_Roadsigns.name",
    "Description": "server.items.Bench_Roadsigns.description"
  },
  "Recipe": {
    "TimeSeconds": 3,
    "Input": [
      {
        "Quantity": 3,
        "ResourceTypeId": "",
        "ItemId": "Ingredient_Bar_Iron"
      }
    ],
    "BenchRequirement": [
      {
        "Type": "Crafting",
        "Categories": [
          "Workbench_Crafting"
        ],
        "Id": "Workbench"
      }
    ]
  },
  "Icon": "Icons/ItemsGenerated/Bench_Roadsigns.png",
  "Categories": [
    "Furniture.Benches"
  ],
  "BlockType": {
    "Material": "Solid",
    "DrawType": "Model",
    "Opacity": "Semitransparent",
    "CustomModelTexture": [
      {
        "Texture": "Resources/Textures/bench_roadsigns.png",
        "Weight": 1
      }
    ],
    "HitboxType": "Bench_Roadsigns",
    "VariantRotation": "NESW",
    "Bench": {
      "Type": "Crafting",
      "Categories": [
        {
          "Id": "Roadsigns_Basics",
          "Icon": "Icons/CraftingCategories/Roadsigns/Basics.png",
          "Name": "server.benchCategories.roadsigns.basics"
        },
        {
          "Id": "Roadsigns_Signs",
          "Icon": "Icons/CraftingCategories/Roadsigns/Signs.png",
          "Name": "server.benchCategories.roadsigns.signs"
        }
      ],
      "LocalOpenSoundEventId": "SFX_Workbench_Open",
      "LocalCloseSoundEventId": "SFX_Workbench_Close",
      "CompletedSoundEventId": "SFX_Workbench_Craft",
      "FailedSoundEventId": "SFX_Generic_Crafting_Failed",
      "Id": "Roadsigns_Bench",
      "TierLevels": [
        {
          "UpgradeRequirement": {
            "Material": [
              {
                "ItemId": "Ingredient_Bar_Iron",
                "Quantity": 20
              }
            ]
          }
        }
      ]
    },
    "State": {
      "Id": "crafting",
      "Definitions": {
        "CraftCompleted": {
          "CustomModelAnimation": "Blocks/Benches/Carpenter_Crafting.blockyanim",
          "Looping": true
        },
        "CraftCompletedInstant": {
          "CustomModelAnimation": "Blocks/Benches/Carpenter_Crafting.blockyanim"
        }
      }
    },
    "Gathering": {
      "Breaking": {
        "GatherType": "Benches"
      }
    },
    "BlockParticleSetId": "Metal",
    "ParticleColor": "#4e4137",
    "Support": {
      "Down": [
        {
          "FaceType": "Full"
        }
      ]
    },
    "BlockSoundSetId": "Metal",
    "CustomModel": "Resources/Models/bench_roadsigns.blockymodel",
    "CustomModelScale": 1
  },
  "PlayerAnimationsId": "Block",
  "IconProperties": {
    "Scale": 0.42,
    "Rotation": [
      22.5,
      45,
      22.5
    ],
    "Translation": [
      13,
      -13.2
    ]
  },
  "Tags": {
    "Type": [
      "Bench"
    ]
  },
  "MaxStack": 1,
  "ItemLevel": 7,
  "ItemSoundSetId": "ISS_Items_Metal",
  "Model": "Resources/Models/bench_roadsigns.blockymodel",
  "Texture": "Resources/Textures/bench_roadsigns.png"
}
