{
  "TranslationProperties": {
    "Name": "server.items.Asphalt_Block_Half.name"
  },
  "ItemLevel": 10,
  "MaxStack": 100,
  "Icon": "Icons/ItemsGenerated/Asphalt_Half.png",
  "PlayerAnimationsId": "Block",
  "Interactions": {
    "Secondary": {
      "Interactions": [
        {
          "Parent": "Half_Block",
          "Matchers": [
            {
              "Block": {
                "Id": "Rock_Stone_Cobble_Mossy_Half",
                "State": "default"
              },
              "Face": "Up",
              "StaticFace": false
            }
          ]
        }
      ],
      "Cooldown": {
        "Id": "BlockInteraction",
        "Cooldown": 0.3,
        "ClickBypass": true
      },
      "Settings": {
        "Creative": {
          "AllowSkipChainOnClick": true
        }
      }
    }
  },
  "Set": "Rock_Stone_Cobble",
  "Recipe": {
    "TimeSeconds": 3,
    "Input": [
      {
        "Quantity": 1,
        "ResourceTypeId": "",
        "ItemId": "Soil_Pebbles"
      },
      {
        "ItemId": "Soil_Sand"
      },
      {
        "ItemId": "Ingredient_Tree_Sap"
      }
    ],
    "BenchRequirement": [
      {
        "Type": "Crafting",
        "Categories": [
          "Roadsigns_Basics"
        ],
        "Id": "Roadsigns_Bench"
      }
    ],
    "OutputQuantity": 8
  },
  "BlockType": {
    "Material": "Solid",
    "DrawType": "Model",
    "CustomModel": "Blocks/Structures/Base_Shapes/HalfBlock.blockymodel",
    "CustomModelTexture": [
      {
        "Texture": "Resources/Textures/Blocks/asphalt.png",
        "Weight": 1
      }
    ],
    "Group": "Stone",
    "HitboxType": "Block_Half",
    "Flags": {},
    "Gathering": {
      "Breaking": {
        "GatherType": "Rocks"
      }
    },
    "VariantRotation": "DoublePipe",
    "BlockParticleSetId": "Stone",
    "Supporting": {
      "Down": [
        {}
      ]
    },
    "ParticleColor": "#615d44",
    "BlockSoundSetId": "Stone",
    "State": {
      "Definitions": {
        "Block": {
          "Material": "Solid",
          "DrawType": "Cube",
          "HitboxType": "Full",
          "Textures": [
            {
              "All": "BlockTextures/Rock_Stone_Cobble_Mossy.png",
              "Weight": 1
            }
          ],
          "Supporting": {
            "BlockSides": [
              {}
            ]
          }
        }
      }
    }
  },
  "Tags": {
    "Type": [
      "Asphalt"
    ],
    "Family": [
      "Asphalt"
    ]
  },
  "ItemSoundSetId": "ISS_Blocks_Stone",
  "IconProperties": {
    "Scale": 0.58823,
    "Rotation": [
      22.5,
      45,
      22.5
    ],
    "Translation": [
      0,
      -13.5
    ]
  }
}
